Species,ID,LocusID,Locus,Contig,StartPos,EndPos,Length,GeneTypes,NumV,NumProdV,FracProdV,RelStart,RelEnd
Macaca_fascicularis,GCF_037993035.1,3,IGH,NC_088381.1,174027159,176010037,1982878,"D,J,V",160,94,0.5875,0.988455438104796,0.9997179706512151
Macaca_thibetana,GCF_024542745.1,1,IGH,NC_065584.1,11949,1598495,1586546,"D,J,V",119,74,0.6218487394957983,7.134043239394878e-05,0.009543670974940594
Macaca_Cyclopus,GCA_026956025.1,1,IGH,CM049493.1,168123961,168980150,856189,"D,J,V",51,32,0.6274509803921569,0.9948316600403023,0.9998979451736763
Macaca_nemestrina-hap1,GCF_043159975.1,8,IGH,NC_092131.1,34838,1688271,1653433,"D,J,V",123,79,0.6422764227642277,0.0001942851555205044,0.009415178649628493
Macaca_nemestrina-hap2,GCA_043161795.1,7,IGH,CM091517.1,27178,1864271,1837093,"D,J,V",135,89,0.6592592592592592,0.00015183565270514618,0.01041514475326645
Papio_papio,GCA_965153135.1,5,IGH,CBCUDI010000027.1,32458893,33958866,1499973,"D,J,V",116,77,0.6637931034482759,0.9548052270632799,0.998928175460004
